Workbook

Sheet Assumptions
A1: DataHub – API Volume Assumptions
A3: User & Concurrency Parameters
A4: Max UI Users | B4: 7500 | C4: users
A5: Concurrent Users (JMeter) | B5: 250 | C5: users
A6: Concurrent Calls per User | B6: 30 | C6: calls
A7: Avg Accounts per Client | B7: 11 | C7: accounts
A8: Business Hours per Day | B8: 10 | C8: hours
A9: Avg Calls Per Hour (all APIs) | B9: =B16/B8 -> 5625
A11: API Daily Call Volumes & Date Type Distribution
A12: API Name | B12: Daily Calls | C12: % of Total | D12: Same Day % | E12: Prior Day % | F12: MTD % | G12: Prior Month % | H12: Custom %
A13: Balance Position Report | B13: 28125 | C13: =B13/SUM($B$13:$B$16) -> 0.16666667 | D13: 0.35 | E13: 0.35 | F13: 0.1 | G13: 0.1 | H13: 0.1
A14: Daily Statement Report (Detail + Summary) | B14: 28125 | C14: =B14/SUM($B$13:$B$16) -> 0.16666667 | D14: 0.35 | E14: 0.35 | F14: 0.1 | G14: 0.1 | H14: 0.1
A15: User Defined Report | B15: 56250 | C15: =B15/SUM($B$13:$B$16) -> 0.33333333 | D15: 0.35 | E15: 0.35 | F15: 0.1 | G15: 0.1 | H15: 0.1
A16: Transaction Search | B16: 56250 | C16: =B16/SUM($B$13:$B$16) -> 0.33333333 | D16: 0.05 | E16: 0.1 | F16: 0.25 | G16: 0.25 | H16: 0.35
A17: TOTAL | B17: =SUM(B13:B16) -> 168750 | C17: =SUM(C13:C16) -> 1 | D17: — | E17: — | F17: — | G17: — | H17: —

Sheet Hourly Distribution
A1: Hourly Load Distribution (% of Daily Volume per API)
A2: API / Category | B2: 8:00 AM | C2: 9:00 AM | D2: 10:00 AM | E2: 11:00 AM | F2: 12:00 PM | G2: 1:00 PM | H2: 2:00 PM | I2: 3:00 PM | J2: 4:00 PM | K2: 5:00 PM
A3: Reports Subtotal | B3: 0.8 | C3: 0.8 | D3: 0.7 | E3: 0.3 | F3: 0.2 | G3: 0.2 | H3: 0.2 | I3: 0.6 | J3: 0.7 | K3: 0.8
A4: Balance Position Report | B4: 0.08 | C4: 0.08 | D4: 0.07 | E4: 0.03 | F4: 0.02 | G4: 0.02 | H4: 0.02 | I4: 0.06 | J4: 0.07 | K4: 0.08
A5: Daily Statement Report (Detail + Summary) | B5: 0.24 | C5: 0.24 | D5: 0.21 | E5: 0.09 | F5: 0.06 | G5: 0.06 | H5: 0.06 | I5: 0.18 | J5: 0.21 | K5: 0.24
A6: User Defined Report | B6: 0.48 | C6: 0.48 | D6: 0.42 | E6: 0.18 | F6: 0.12 | G6: 0.12 | H6: 0.12 | I6: 0.36 | J6: 0.42 | K6: 0.48
A7: Transaction Search | B7: 0.2 | C7: 0.2 | D7: 0.3 | E7: 0.7 | F7: 0.8 | G7: 0.8 | H7: 0.8 | I7: 0.4 | J7: 0.3 | K7: 0.2
A9: Note: Reports Subtotal = Balance Position + Daily Statement + User Defined. Reports% + Search% = 100% at each hour.

Sheet Per-Hour Volume
A1: DataHub – Per-Hour API Call Volume (All Types Combined)
A2: Formula: (Hour % ÷ Sum of Hour %) × Daily Volume | Source data: Assumptions & Hourly Distribution sheets
A3: API | B3: 8:00 AM | C3: 9:00 AM | D3: 10:00 AM | E3: 11:00 AM | F3: 12:00 PM | G3: 1:00 PM | H3: 2:00 PM | I3: 3:00 PM | J3: 4:00 PM | K3: 5:00 PM | L3: Daily Total
A4: Balance Position Report | B4: =('Hourly Distribution'!B4/SUM('Hourly Distribution'!B4:K4))*Assumptions!$B$13 -> 4245.283 | C4: =('Hourly Distribution'!C4/SUM('Hourly Distribution'!B4:K4))*Assumptions!$B$13 -> 4245.283 | D4: =('Hourly Distribution'!D4/SUM('Hourly Distribution'!B4:K4))*Assumptions!$B$13 -> 3714.6226 | E4: =('Hourly Distribution'!E4/SUM('Hourly Distribution'!B4:K4))*Assumptions!$B$13 -> 1591.9811 | F4: =('Hourly Distribution'!F4/SUM('Hourly Distribution'!B4:K4))*Assumptions!$B$13 -> 1061.3208 | G4: =('Hourly Distribution'!G4/SUM('Hourly Distribution'!B4:K4))*Assumptions!$B$13 -> 1061.3208 | H4: =('Hourly Distribution'!H4/SUM('Hourly Distribution'!B4:K4))*Assumptions!$B$13 -> 1061.3208 | I4: =('Hourly Distribution'!I4/SUM('Hourly Distribution'!B4:K4))*Assumptions!$B$13 -> 3183.9623 | J4: =('Hourly Distribution'!J4/SUM('Hourly Distribution'!B4:K4))*Assumptions!$B$13 -> 3714.6226 | K4: =('Hourly Distribution'!K4/SUM('Hourly Distribution'!B4:K4))*Assumptions!$B$13 -> 4245.283 | L4: =SUM(B4:K4) -> 28125
A5: Daily Statement Report (Detail + Summary) | B5: =('Hourly Distribution'!B5/SUM('Hourly Distribution'!B5:K5))*Assumptions!$B$14 -> 4245.283 | C5: =('Hourly Distribution'!C5/SUM('Hourly Distribution'!B5:K5))*Assumptions!$B$14 -> 4245.283 | D5: =('Hourly Distribution'!D5/SUM('Hourly Distribution'!B5:K5))*Assumptions!$B$14 -> 3714.6226 | E5: =('Hourly Distribution'!E5/SUM('Hourly Distribution'!B5:K5))*Assumptions!$B$14 -> 1591.9811 | F5: =('Hourly Distribution'!F5/SUM('Hourly Distribution'!B5:K5))*Assumptions!$B$14 -> 1061.3208 | G5: =('Hourly Distribution'!G5/SUM('Hourly Distribution'!B5:K5))*Assumptions!$B$14 -> 1061.3208 | H5: =('Hourly Distribution'!H5/SUM('Hourly Distribution'!B5:K5))*Assumptions!$B$14 -> 1061.3208 | I5: =('Hourly Distribution'!I5/SUM('Hourly Distribution'!B5:K5))*Assumptions!$B$14 -> 3183.9623 | J5: =('Hourly Distribution'!J5/SUM('Hourly Distribution'!B5:K5))*Assumptions!$B$14 -> 3714.6226 | K5: =('Hourly Distribution'!K5/SUM('Hourly Distribution'!B5:K5))*Assumptions!$B$14 -> 4245.283 | L5: =SUM(B5:K5) -> 28125
A6: User Defined Report | B6: =('Hourly Distribution'!B6/SUM('Hourly Distribution'!B6:K6))*Assumptions!$B$15 -> 8490.566 | C6: =('Hourly Distribution'!C6/SUM('Hourly Distribution'!B6:K6))*Assumptions!$B$15 -> 8490.566 | D6: =('Hourly Distribution'!D6/SUM('Hourly Distribution'!B6:K6))*Assumptions!$B$15 -> 7429.2453 | E6: =('Hourly Distribution'!E6/SUM('Hourly Distribution'!B6:K6))*Assumptions!$B$15 -> 3183.9623 | F6: =('Hourly Distribution'!F6/SUM('Hourly Distribution'!B6:K6))*Assumptions!$B$15 -> 2122.6415 | G6: =('Hourly Distribution'!G6/SUM('Hourly Distribution'!B6:K6))*Assumptions!$B$15 -> 2122.6415 | H6: =('Hourly Distribution'!H6/SUM('Hourly Distribution'!B6:K6))*Assumptions!$B$15 -> 2122.6415 | I6: =('Hourly Distribution'!I6/SUM('Hourly Distribution'!B6:K6))*Assumptions!$B$15 -> 6367.9245 | J6: =('Hourly Distribution'!J6/SUM('Hourly Distribution'!B6:K6))*Assumptions!$B$15 -> 7429.2453 | K6: =('Hourly Distribution'!K6/SUM('Hourly Distribution'!B6:K6))*Assumptions!$B$15 -> 8490.566 | L6: =SUM(B6:K6) -> 56250
A7: Transaction Search | B7: =('Hourly Distribution'!B7/SUM('Hourly Distribution'!B7:K7))*Assumptions!$B$16 -> 2393.617 | C7: =('Hourly Distribution'!C7/SUM('Hourly Distribution'!B7:K7))*Assumptions!$B$16 -> 2393.617 | D7: =('Hourly Distribution'!D7/SUM('Hourly Distribution'!B7:K7))*Assumptions!$B$16 -> 3590.4255 | E7: =('Hourly Distribution'!E7/SUM('Hourly Distribution'!B7:K7))*Assumptions!$B$16 -> 8377.6596 | F7: =('Hourly Distribution'!F7/SUM('Hourly Distribution'!B7:K7))*Assumptions!$B$16 -> 9574.4681 | G7: =('Hourly Distribution'!G7/SUM('Hourly Distribution'!B7:K7))*Assumptions!$B$16 -> 9574.4681 | H7: =('Hourly Distribution'!H7/SUM('Hourly Distribution'!B7:K7))*Assumptions!$B$16 -> 9574.4681 | I7: =('Hourly Distribution'!I7/SUM('Hourly Distribution'!B7:K7))*Assumptions!$B$16 -> 4787.234 | J7: =('Hourly Distribution'!J7/SUM('Hourly Distribution'!B7:K7))*Assumptions!$B$16 -> 3590.4255 | K7: =('Hourly Distribution'!K7/SUM('Hourly Distribution'!B7:K7))*Assumptions!$B$16 -> 2393.617 | L7: =SUM(B7:K7) -> 56250
A8: TOTAL CALLS PER HOUR | B8: =SUM(B4:B7) -> 19374.749 | C8: =SUM(C4:C7) -> 19374.749 | D8: =SUM(D4:D7) -> 18448.916 | E8: =SUM(E4:E7) -> 14745.584 | F8: =SUM(F4:F7) -> 13819.751 | G8: =SUM(G4:G7) -> 13819.751 | H8: =SUM(H4:H7) -> 13819.751 | I8: =SUM(I4:I7) -> 17523.083 | ... L8: =SUM(L4:L7) -> 168750
A10: Peak: Reports-heavy → 8AM / 9AM / 5PM | Search-heavy → 12PM / 1PM / 2PM

Sheet By Date Type
A1: DataHub – Per-Hour Volume by API & Date Type
A2: Formula: Per-Hour Volume (Sheet 3) × Date Type % (Source: Assumptions sheet)
A3: API | B3: Date Type | C3: 8:00 AM | D3: 9:00 AM | E3: 10:00 AM | F3: 11:00 AM | G3: 12:00 PM | H3: 1:00 PM | I3: 2:00 PM | J3: 3:00 PM | K3: 4:00 PM | L3: 5:00 PM | M3: Daily Total
A4: Balance Position Report | B4: Same Day | C4: ='Per-Hour Volume'!B4*Assumptions!D13 -> 1485.8491 | D4: ='Per-Hour Volume'!C4*Assumptions!D13 -> 1485.8491 | E4: ='Per-Hour Volume'!D4*Assumptions!D13 -> 1300.1179 | F4: ='Per-Hour Volume'!E4*Assumptions!D13 -> 557.1934 | G4: ='Per-Hour Volume'!F4*Assumptions!D13 -> 371.46226 | H4: ='Per-Hour Volume'!G4*Assumptions!D13 -> 371.46226 | I4: ='Per-Hour Volume'!H4*Assumptions!D13 -> 371.46226 | J4: ='Per-Hour Volume'!I4*Assumptions!D13 -> 1114.3868 | K4: ='Per-Hour Volume'!J4*Assumptions!D13 -> 1300.1179 | L4: ='Per-Hour Volume'!K4*Assumptions!D13 -> 1485.8491 | M4: =SUM(C4:L4) -> 9843.75
B5: Prior Day | C5: ='Per-Hour Volume'!B4*Assumptions!E13 -> 1485.8491 | D5: ='Per-Hour Volume'!C4*Assumptions!E13 -> 1485.8491 | E5: ='Per-Hour Volume'!D4*Assumptions!E13 -> 1300.1179 | F5: ='Per-Hour Volume'!E4*Assumptions!E13 -> 557.1934 | G5: ='Per-Hour Volume'!F4*Assumptions!E13 -> 371.46226 | H5: ='Per-Hour Volume'!G4*Assumptions!E13 -> 371.46226 | I5: ='Per-Hour Volume'!H4*Assumptions!E13 -> 371.46226 | J5: ='Per-Hour Volume'!I4*Assumptions!E13 -> 1114.3868 | K5: ='Per-Hour Volume'!J4*Assumptions!E13 -> 1300.1179 | L5: ='Per-Hour Volume'!K4*Assumptions!E13 -> 1485.8491 | M5: =SUM(C5:L5) -> 9843.75
B6: MTD | C6: ='Per-Hour Volume'!B4*Assumptions!F13 -> 424.5283 | D6: ='Per-Hour Volume'!C4*Assumptions!F13 -> 424.5283 | E6: ='Per-Hour Volume'!D4*Assumptions!F13 -> 371.46226 | F6: ='Per-Hour Volume'!E4*Assumptions!F13 -> 159.19811 | G6: ='Per-Hour Volume'!F4*Assumptions!F13 -> 106.13208 | H6: ='Per-Hour Volume'!G4*Assumptions!F13 -> 106.13208 | I6: ='Per-Hour Volume'!H4*Assumptions!F13 -> 106.13208 | J6: ='Per-Hour Volume'!I4*Assumptions!F13 -> 318.39623 | K6: ='Per-Hour Volume'!J4*Assumptions!F13 -> 371.46226 | L6: ='Per-Hour Volume'!K4*Assumptions!F13 -> 424.5283 | M6: =SUM(C6:L6) -> 2812.5
B7: Prior Month | C7: ='Per-Hour Volume'!B4*Assumptions!G13 -> 424.5283 | D7: ='Per-Hour Volume'!C4*Assumptions!G13 -> 424.5283 | E7: ='Per-Hour Volume'!D4*Assumptions!G13 -> 371.46226 | F7: ='Per-Hour Volume'!E4*Assumptions!G13 -> 159.19811 | G7: ='Per-Hour Volume'!F4*Assumptions!G13 -> 106.13208 | H7: ='Per-Hour Volume'!G4*Assumptions!G13 -> 106.13208 | I7: ='Per-Hour Volume'!H4*Assumptions!G13 -> 106.13208 | J7: ='Per-Hour Volume'!I4*Assumptions!G13 -> 318.39623 | K7: ='Per-Hour Volume'!J4*Assumptions!G13 -> 371.46226 | L7: ='Per-Hour Volume'!K4*Assumptions!G13 -> 424.5283 | M7: =SUM(C7:L7) -> 2812.5
B8: Custom | C8: ='Per-Hour Volume'!B4*Assumptions!H13 -> 424.5283 | D8: ='Per-Hour Volume'!C4*Assumptions!H13 -> 424.5283 | E8: ='Per-Hour Volume'!D4*Assumptions!H13 -> 371.46226 | F8: ='Per-Hour Volume'!E4*Assumptions!H13 -> 159.19811 | G8: ='Per-Hour Volume'!F4*Assumptions!H13 -> 106.13208 | H8: ='Per-Hour Volume'!G4*Assumptions!H13 -> 106.13208 | I8: ='Per-Hour Volume'!H4*Assumptions!H13 -> 106.13208 | J8: ='Per-Hour Volume'!I4*Assumptions!H13 -> 318.39623 | K8: ='Per-Hour Volume'!J4*Assumptions!H13 -> 371.46226 | L8: ='Per-Hour Volume'!K4*Assumptions!H13 -> 424.5283 | M8: =SUM(C8:L8) -> 2812.5
A9: Balance Position Report – Subtotal | B9: All Types | C9: ='Per-Hour Volume'!B4 -> 4245.283 | D9: ='Per-Hour Volume'!C4 -> 4245.283 | E9: ='Per-Hour Volume'!D4 -> 3714.6226 | F9: ='Per-Hour Volume'!E4 -> 1591.9811 | G9: ='Per-Hour Volume'!F4 -> 1061.3208 | H9: ='Per-Hour Volume'!G4 -> 1061.3208 | I9: ='Per-Hour Volume'!H4 -> 1061.3208 | J9: ='Per-Hour Volume'!I4 -> 3183.9623 | ... M9: ='Per-Hour Volume'!L4 -> 28125
A11: Daily Statement Report (Detail + Summary) | B11: Same Day | C11: ='Per-Hour Volume'!B5*Assumptions!D14 -> 1485.8491 | D11: ='Per-Hour Volume'!C5*Assumptions!D14 -> 1485.8491 | E11: ='Per-Hour Volume'!D5*Assumptions!D14 -> 1300.1179 | F11: ='Per-Hour Volume'!E5*Assumptions!D14 -> 557.1934 | G11: ='Per-Hour Volume'!F5*Assumptions!D14 -> 371.46226 | H11: ='Per-Hour Volume'!G5*Assumptions!D14 -> 371.46226 | I11: ='Per-Hour Volume'!H5*Assumptions!D14 -> 371.46226 | J11: ='Per-Hour Volume'!I5*Assumptions!D14 -> 1114.3868 | K11: ='Per-Hour Volume'!J5*Assumptions!D14 -> 1300.1179 | L11: ='Per-Hour Volume'!K5*Assumptions!D14 -> 1485.8491 | M11: =SUM(C11:L11) -> 9843.75
B12: Prior Day | C12: ='Per-Hour Volume'!B5*Assumptions!E14 -> 1485.8491 | D12: ='Per-Hour Volume'!C5*Assumptions!E14 -> 1485.8491 | E12: ='Per-Hour Volume'!D5*Assumptions!E14 -> 1300.1179 | F12: ='Per-Hour Volume'!E5*Assumptions!E14 -> 557.1934 | G12: ='Per-Hour Volume'!F5*Assumptions!E14 -> 371.46226 | H12: ='Per-Hour Volume'!G5*Assumptions!E14 -> 371.46226 | I12: ='Per-Hour Volume'!H5*Assumptions!E14 -> 371.46226 | J12: ='Per-Hour Volume'!I5*Assumptions!E14 -> 1114.3868 | K12: ='Per-Hour Volume'!J5*Assumptions!E14 -> 1300.1179 | L12: ='Per-Hour Volume'!K5*Assumptions!E14 -> 1485.8491 | M12: =SUM(C12:L12) -> 9843.75
B13: MTD | C13: ='Per-Hour Volume'!B5*Assumptions!F14 -> 424.5283 | D13: ='Per-Hour Volume'!C5*Assumptions!F14 -> 424.5283 | E13: ='Per-Hour Volume'!D5*Assumptions!F14 -> 371.46226 | F13: ='Per-Hour Volume'!E5*Assumptions!F14 -> 159.19811 | G13: ='Per-Hour Volume'!F5*Assumptions!F14 -> 106.13208 | H13: ='Per-Hour Volume'!G5*Assumptions!F14 -> 106.13208 | I13: ='Per-Hour Volume'!H5*Assumptions!F14 -> 106.13208 | J13: ='Per-Hour Volume'!I5*Assumptions!F14 -> 318.39623 | K13: ='Per-Hour Volume'!J5*Assumptions!F14 -> 371.46226 | L13: ='Per-Hour Volume'!K5*Assumptions!F14 -> 424.5283 | M13: =SUM(C13:L13) -> 2812.5
B14: Prior Month | C14: ='Per-Hour Volume'!B5*Assumptions!G14 -> 424.5283 | D14: ='Per-Hour Volume'!C5*Assumptions!G14 -> 424.5283 | E14: ='Per-Hour Volume'!D5*Assumptions!G14 -> 371.46226 | F14: ='Per-Hour Volume'!E5*Assumptions!G14 -> 159.19811 | G14: ='Per-Hour Volume'!F5*Assumptions!G14 -> 106.13208 | H14: ='Per-Hour Volume'!G5*Assumptions!G14 -> 106.13208 | I14: ='Per-Hour Volume'!H5*Assumptions!G14 -> 106.13208 | J14: ='Per-Hour Volume'!I5*Assumptions!G14 -> 318.39623 | K14: ='Per-Hour Volume'!J5*Assumptions!G14 -> 371.46226 | L14: ='Per-Hour Volume'!K5*Assumptions!G14 -> 424.5283 | M14: =SUM(C14:L14) -> 2812.5
B15: Custom | C15: ='Per-Hour Volume'!B5*Assumptions!H14 -> 424.5283 | D15: ='Per-Hour Volume'!C5*Assumptions!H14 -> 424.5283 | E15: ='Per-Hour Volume'!D5*Assumptions!H14 -> 371.46226 | F15: ='Per-Hour Volume'!E5*Assumptions!H14 -> 159.19811 | G15: ='Per-Hour Volume'!F5*Assumptions!H14 -> 106.13208 | H15: ='Per-Hour Volume'!G5*Assumptions!H14 -> 106.13208 | I15: ='Per-Hour Volume'!H5*Assumptions!H14 -> 106.13208 | J15: ='Per-Hour Volume'!I5*Assumptions!H14 -> 318.39623 | K15: ='Per-Hour Volume'!J5*Assumptions!H14 -> 371.46226 | L15: ='Per-Hour Volume'!K5*Assumptions!H14 -> 424.5283 | M15: =SUM(C15:L15) -> 2812.5
A16: Daily Statement Report (Detail + Summary) – Subtotal | B16: All Types | C16: ='Per-Hour Volume'!B5 -> 4245.283 | D16: ='Per-Hour Volume'!C5 -> 4245.283 | E16: ='Per-Hour Volume'!D5 -> 3714.6226 | F16: ='Per-Hour Volume'!E5 -> 1591.9811 | G16: ='Per-Hour Volume'!F5 -> 1061.3208 | H16: ='Per-Hour Volume'!G5 -> 1061.3208 | I16: ='Per-Hour Volume'!H5 -> 1061.3208 | J16: ='Per-Hour Volume'!I5 -> 3183.9623 | ... M16: ='Per-Hour Volume'!L5 -> 28125
A18: User Defined Report | B18: Same Day | C18: ='Per-Hour Volume'!B6*Assumptions!D15 -> 2971.6981 | D18: ='Per-Hour Volume'!C6*Assumptions!D15 -> 2971.6981 | E18: ='Per-Hour Volume'!D6*Assumptions!D15 -> 2600.2358 | F18: ='Per-Hour Volume'!E6*Assumptions!D15 -> 1114.3868 | G18: ='Per-Hour Volume'!F6*Assumptions!D15 -> 742.92453 | H18: ='Per-Hour Volume'!G6*Assumptions!D15 -> 742.92453 | I18: ='Per-Hour Volume'!H6*Assumptions!D15 -> 742.92453 | J18: ='Per-Hour Volume'!I6*Assumptions!D15 -> 2228.7736 | K18: ='Per-Hour Volume'!J6*Assumptions!D15 -> 2600.2358 | L18: ='Per-Hour Volume'!K6*Assumptions!D15 -> 2971.6981 | M18: =SUM(C18:L18) -> 19687.5
B19: Prior Day | C19: ='Per-Hour Volume'!B6*Assumptions!E15 -> 2971.6981 | D19: ='Per-Hour Volume'!C6*Assumptions!E15 -> 2971.6981 | E19: ='Per-Hour Volume'!D6*Assumptions!E15 -> 2600.2358 | F19: ='Per-Hour Volume'!E6*Assumptions!E15 -> 1114.3868 | G19: ='Per-Hour Volume'!F6*Assumptions!E15 -> 742.92453 | H19: ='Per-Hour Volume'!G6*Assumptions!E15 -> 742.92453 | I19: ='Per-Hour Volume'!H6*Assumptions!E15 -> 742.92453 | J19: ='Per-Hour Volume'!I6*Assumptions!E15 -> 2228.7736 | K19: ='Per-Hour Volume'!J6*Assumptions!E15 -> 2600.2358 | L19: ='Per-Hour Volume'!K6*Assumptions!E15 -> 2971.6981 | M19: =SUM(C19:L19) -> 19687.5
B20: MTD | C20: ='Per-Hour Volume'!B6*Assumptions!F15 -> 849.0566 | D20: ='Per-Hour Volume'!C6*Assumptions!F15 -> 849.0566 | E20: ='Per-Hour Volume'!D6*Assumptions!F15 -> 742.92453 | F20: ='Per-Hour Volume'!E6*Assumptions!F15 -> 318.39623 | G20: ='Per-Hour Volume'!F6*Assumptions!F15 -> 212.26415 | H20: ='Per-Hour Volume'!G6*Assumptions!F15 -> 212.26415 | I20: ='Per-Hour Volume'!H6*Assumptions!F15 -> 212.26415 | J20: ='Per-Hour Volume'!I6*Assumptions!F15 -> 636.79245 | K20: ='Per-Hour Volume'!J6*Assumptions!F15 -> 742.92453 | L20: ='Per-Hour Volume'!K6*Assumptions!F15 -> 849.0566 | M20: =SUM(C20:L20) -> 5625
B21: Prior Month | C21: ='Per-Hour Volume'!B6*Assumptions!G15 -> 849.0566 | D21: ='Per-Hour Volume'!C6*Assumptions!G15 -> 849.0566 | E21: ='Per-Hour Volume'!D6*Assumptions!G15 -> 742.92453 | F21: ='Per-Hour Volume'!E6*Assumptions!G15 -> 318.39623 | G21: ='Per-Hour Volume'!F6*Assumptions!G15 -> 212.26415 | H21: ='Per-Hour Volume'!G6*Assumptions!G15 -> 212.26415 | I21: ='Per-Hour Volume'!H6*Assumptions!G15 -> 212.26415 | J21: ='Per-Hour Volume'!I6*Assumptions!G15 -> 636.79245 | K21: ='Per-Hour Volume'!J6*Assumptions!G15 -> 742.92453 | L21: ='Per-Hour Volume'!K6*Assumptions!G15 -> 849.0566 | M21: =SUM(C21:L21) -> 5625
B22: Custom | C22: ='Per-Hour Volume'!B6*Assumptions!H15 -> 849.0566 | D22: ='Per-Hour Volume'!C6*Assumptions!H15 -> 849.0566 | E22: ='Per-Hour Volume'!D6*Assumptions!H15 -> 742.92453 | F22: ='Per-Hour Volume'!E6*Assumptions!H15 -> 318.39623 | G22: ='Per-Hour Volume'!F6*Assumptions!H15 -> 212.26415 | H22: ='Per-Hour Volume'!G6*Assumptions!H15 -> 212.26415 | I22: ='Per-Hour Volume'!H6*Assumptions!H15 -> 212.26415 | J22: ='Per-Hour Volume'!I6*Assumptions!H15 -> 636.79245 | K22: ='Per-Hour Volume'!J6*Assumptions!H15 -> 742.92453 | L22: ='Per-Hour Volume'!K6*Assumptions!H15 -> 849.0566 | M22: =SUM(C22:L22) -> 5625
A23: User Defined Report – Subtotal | B23: All Types | C23: ='Per-Hour Volume'!B6 -> 8490.566 | D23: ='Per-Hour Volume'!C6 -> 8490.566 | E23: ='Per-Hour Volume'!D6 -> 7429.2453 | F23: ='Per-Hour Volume'!E6 -> 3183.9623 | G23: ='Per-Hour Volume'!F6 -> 2122.6415 | H23: ='Per-Hour Volume'!G6 -> 2122.6415 | I23: ='Per-Hour Volume'!H6 -> 2122.6415 | J23: ='Per-Hour Volume'!I6 -> 6367.9245 | ... M23: ='Per-Hour Volume'!L6 -> 56250
A25: Transaction Search | B25: Same Day | C25: ='Per-Hour Volume'!B7*Assumptions!D16 -> 119.68085 | D25: ='Per-Hour Volume'!C7*Assumptions!D16 -> 119.68085 | E25: ='Per-Hour Volume'!D7*Assumptions!D16 -> 179.52128 | F25: ='Per-Hour Volume'!E7*Assumptions!D16 -> 418.88298 | G25: ='Per-Hour Volume'!F7*Assumptions!D16 -> 478.7234 | H25: ='Per-Hour Volume'!G7*Assumptions!D16 -> 478.7234 | I25: ='Per-Hour Volume'!H7*Assumptions!D16 -> 478.7234 | J25: ='Per-Hour Volume'!I7*Assumptions!D16 -> 239.3617 | K25: ='Per-Hour Volume'!J7*Assumptions!D16 -> 179.52128 | L25: ='Per-Hour Volume'!K7*Assumptions!D16 -> 119.68085 | M25: =SUM(C25:L25) -> 2812.5
B26: Prior Day | C26: ='Per-Hour Volume'!B7*Assumptions!E16 -> 239.3617 | D26: ='Per-Hour Volume'!C7*Assumptions!E16 -> 239.3617 | E26: ='Per-Hour Volume'!D7*Assumptions!E16 -> 359.04255 | F26: ='Per-Hour Volume'!E7*Assumptions!E16 -> 837.76596 | G26: ='Per-Hour Volume'!F7*Assumptions!E16 -> 957.44681 | H26: ='Per-Hour Volume'!G7*Assumptions!E16 -> 957.44681 | I26: ='Per-Hour Volume'!H7*Assumptions!E16 -> 957.44681 | J26: ='Per-Hour Volume'!I7*Assumptions!E16 -> 478.7234 | K26: ='Per-Hour Volume'!J7*Assumptions!E16 -> 359.04255 | L26: ='Per-Hour Volume'!K7*Assumptions!E16 -> 239.3617 | M26: =SUM(C26:L26) -> 5625
B27: MTD | C27: ='Per-Hour Volume'!B7*Assumptions!F16 -> 598.40426 | D27: ='Per-Hour Volume'!C7*Assumptions!F16 -> 598.40426 | E27: ='Per-Hour Volume'!D7*Assumptions!F16 -> 897.60638 | F27: ='Per-Hour Volume'!E7*Assumptions!F16 -> 2094.4149 | G27: ='Per-Hour Volume'!F7*Assumptions!F16 -> 2393.617 | H27: ='Per-Hour Volume'!G7*Assumptions!F16 -> 2393.617 | I27: ='Per-Hour Volume'!H7*Assumptions!F16 -> 2393.617 | J27: ='Per-Hour Volume'!I7*Assumptions!F16 -> 1196.8085 | K27: ='Per-Hour Volume'!J7*Assumptions!F16 -> 897.60638 | L27: ='Per-Hour Volume'!K7*Assumptions!F16 -> 598.40426 | M27: =SUM(C27:L27) -> 14062.5
B28: Prior Month | C28: ='Per-Hour Volume'!B7*Assumptions!G16 -> 598.40426 | D28: ='Per-Hour Volume'!C7*Assumptions!G16 -> 598.40426 | E28: ='Per-Hour Volume'!D7*Assumptions!G16 -> 897.60638 | F28: ='Per-Hour Volume'!E7*Assumptions!G16 -> 2094.4149 | G28: ='Per-Hour Volume'!F7*Assumptions!G16 -> 2393.617 | H28: ='Per-Hour Volume'!G7*Assumptions!G16 -> 2393.617 | I28: ='Per-Hour Volume'!H7*Assumptions!G16 -> 2393.617 | J28: ='Per-Hour Volume'!I7*Assumptions!G16 -> 1196.8085 | K28: ='Per-Hour Volume'!J7*Assumptions!G16 -> 897.60638 | L28: ='Per-Hour Volume'!K7*Assumptions!G16 -> 598.40426 | M28: =SUM(C28:L28) -> 14062.5
B29: Custom | C29: ='Per-Hour Volume'!B7*Assumptions!H16 -> 837.76596 | D29: ='Per-Hour Volume'!C7*Assumptions!H16 -> 837.76596 | E29: ='Per-Hour Volume'!D7*Assumptions!H16 -> 1256.6489 | F29: ='Per-Hour Volume'!E7*Assumptions!H16 -> 2932.1809 | G29: ='Per-Hour Volume'!F7*Assumptions!H16 -> 3351.0638 | H29: ='Per-Hour Volume'!G7*Assumptions!H16 -> 3351.0638 | I29: ='Per-Hour Volume'!H7*Assumptions!H16 -> 3351.0638 | J29: ='Per-Hour Volume'!I7*Assumptions!H16 -> 1675.5319 | K29: ='Per-Hour Volume'!J7*Assumptions!H16 -> 1256.6489 | L29: ='Per-Hour Volume'!K7*Assumptions!H16 -> 837.76596 | M29: =SUM(C29:L29) -> 19687.5
A30: Transaction Search – Subtotal | B30: All Types | C30: ='Per-Hour Volume'!B7 -> 2393.617 | D30: ='Per-Hour Volume'!C7 -> 2393.617 | E30: ='Per-Hour Volume'!D7 -> 3590.4255 | F30: ='Per-Hour Volume'!E7 -> 8377.6596 | G30: ='Per-Hour Volume'!F7 -> 9574.4681 | H30: ='Per-Hour Volume'!G7 -> 9574.4681 | I30: ='Per-Hour Volume'!H7 -> 9574.4681 | J30: ='Per-Hour Volume'!I7 -> 4787.234 | ... M30: ='Per-Hour Volume'!L7 -> 56250
A32: GRAND TOTAL – ALL APIS ALL DATE TYPES | C32: ='Per-Hour Volume'!B8 -> 19374.749 | D32: ='Per-Hour Volume'!C8 -> 19374.749 | E32: ='Per-Hour Volume'!D8 -> 18448.916 | F32: ='Per-Hour Volume'!E8 -> 14745.584 | G32: ='Per-Hour Volume'!F8 -> 13819.751 | H32: ='Per-Hour Volume'!G8 -> 13819.751 | I32: ='Per-Hour Volume'!H8 -> 13819.751 | J32: ='Per-Hour Volume'!I8 -> 17523.083 | ... M32: ='Per-Hour Volume'!L8 -> 168750
